{"cameraMode":{"drawMode":0,"name":"Shaded","section":"Shading Mode"},"sceneLighting":true,"audioPlay":false,"sceneViewState":{"showFog":true,"showMaterialUpdate":false,"showSkybox":true,"showFlares":true,"showImageEffects":true,"showParticleSystems":true},"in2DMode":false,"pivot":{"x":-19.816024780273439,"y":-2.5987510681152345,"z":46.14657211303711},"rotation":{"x":-0.16794520616531373,"y":0.7065563797950745,"z":-0.17876584827899934,"w":-0.6637887954711914},"size":49.11897659301758,"orthographic":false}