{"cameraMode":{"drawMode":0,"name":"Shaded","section":"Shading Mode"},"sceneLighting":true,"audioPlay":false,"sceneViewState":{"showFog":true,"showMaterialUpdate":false,"showSkybox":true,"showFlares":true,"showImageEffects":true,"showParticleSystems":true},"in2DMode":false,"pivot":{"x":0.0,"y":1.5799999237060547,"z":-0.04000002145767212},"rotation":{"x":-0.06723397970199585,"y":-0.7471169233322144,"z":0.07647077739238739,"w":-0.6568664312362671},"size":1.4233691692352296,"orthographic":false}